object,task_count,pct_of_tasks
table,19524,26.0%
cup,13503,18.0%
bowl,11675,15.5%
marker,6536,8.7%
box,6408,8.5%
counter,6134,8.2%
towel,6132,8.2%
lid,5839,7.8%
mug,5832,7.8%
bottle,4867,6.5%
pot,4865,6.5%
drawer,4448,5.9%
block,4350,5.8%
toy,4221,5.6%
cloth,4029,5.4%
plate,3815,5.1%
cabinet,3806,5.1%
container,3316,4.4%
pen,3252,4.3%
spoon,2869,3.8%
tray,2846,3.8%
sink,2756,3.7%
door,2555,3.4%
button,2513,3.3%
paper,2506,3.3%
plush,2309,3.1%
bag,2296,3.1%
rack,2155,2.9%
coffee,2145,2.9%
stove,2091,2.8%
shelf,2079,2.8%
glass,2074,2.8%
basket,2021,2.7%
countertop,1894,2.5%
jar,1697,2.3%
packet,1499,2.0%
holder,1446,1.9%
chair,1395,1.9%
bin,1334,1.8%
faucet,1318,1.8%
kitchen,1201,1.6%
microwave,1185,1.6%
cube,1129,1.5%
machine,1090,1.5%
storage,1056,1.4%
ring,1040,1.4%
cups,1038,1.4%
cupboard,1030,1.4%
blocks,1030,1.4%
handle,1025,1.4%
shirt,1001,1.3%
pan,994,1.3%
oven,965,1.3%
toaster,941,1.3%
board,920,1.2%
dish,854,1.1%
book,852,1.1%
maker,839,1.1%
compartment,806,1.1%
remote,805,1.1%
desk,781,1.0%
cable,761,1.0%
tape,759,1.0%
water,742,1.0%
fork,710,0.9%
tissue,698,0.9%
stick,658,0.9%
sofa,654,0.9%
napkin,652,0.9%
couch,641,0.9%
bed,611,0.8%
clothes,611,0.8%
band,594,0.8%
pack,591,0.8%
backrest,586,0.8%
pillow,578,0.8%
ball,567,0.8%
plushie,563,0.7%
kettle,551,0.7%
hanger,551,0.7%
extension,542,0.7%
adapter,534,0.7%
case,527,0.7%
cord,523,0.7%
file,512,0.7%
spatula,510,0.7%
scoop,509,0.7%
lunchbox,504,0.7%
wall,495,0.7%
sachet,490,0.7%
lever,488,0.6%
seat,485,0.6%
cap,473,0.6%
jug,466,0.6%
screwdriver,464,0.6%
rod,464,0.6%
control,463,0.6%
bottles,461,0.6%
sharpie,455,0.6%
nozzle,447,0.6%
peach,445,0.6%
utensil,434,0.6%
keyboard,425,0.6%
spice,420,0.6%
lunch,420,0.6%
coffeemaker,413,0.5%
key,412,0.5%
clothing,406,0.5%
knife,397,0.5%
rope,386,0.5%
bar,386,0.5%
dishwasher,381,0.5%
snack,374,0.5%
crate,370,0.5%
candy,368,0.5%
bowls,357,0.5%
plushy,349,0.5%
knob,347,0.5%
rings,342,0.5%
action,341,0.5%
window,337,0.4%
mat,331,0.4%
tea,330,0.4%
laundry,317,0.4%
banana,317,0.4%
coat,317,0.4%
shoe,313,0.4%
glue,312,0.4%
flask,312,0.4%
brush,310,0.4%
base,309,0.4%
sponge,308,0.4%
doll,303,0.4%
tool,302,0.4%
cutlery,301,0.4%
whiteboard,290,0.4%
shaker,289,0.4%
salt,288,0.4%
curtain,285,0.4%
toys,285,0.4%
trash,280,0.4%
shirts,265,0.4%
straw,264,0.4%
blanket,257,0.3%
armrest,253,0.3%
head,253,0.3%
tin,251,0.3%
rail,248,0.3%
bread,247,0.3%
fruit,247,0.3%
strawberry,247,0.3%
beans,244,0.3%
cylinder,233,0.3%
letter,233,0.3%
cooker,232,0.3%
duster,229,0.3%
pencil,229,0.3%
towels,229,0.3%
eraser,224,0.3%
ladle,223,0.3%
dishrack,222,0.3%
pepper,221,0.3%
soap,220,0.3%
pod,220,0.3%
bear,216,0.3%
fridge,215,0.3%
lime,214,0.3%
carrot,212,0.3%
containers,212,0.3%
panel,211,0.3%
dispenser,210,0.3%
wrench,208,0.3%
air,206,0.3%
lamp,206,0.3%
food,206,0.3%
bucket,205,0.3%
windowsill,201,0.3%
carrier,201,0.3%
hook,194,0.3%
rag,193,0.3%
car,192,0.3%
soda,189,0.3%
slot,189,0.3%
animal,188,0.3%
lego,186,0.2%
chest,183,0.2%
spout,181,0.2%
sauce,181,0.2%
wire,179,0.2%
hat,178,0.2%
arm,176,0.2%
apple,174,0.2%
charger,171,0.2%
platform,171,0.2%
glasses,168,0.2%
stovetop,168,0.2%
chocolate,168,0.2%
cellar,167,0.2%
tabletop,166,0.2%
tennis,164,0.2%
plates,163,0.2%
laptop,161,0.2%
spoonful,161,0.2%
mouse,155,0.2%
scissors,155,0.2%
controller,155,0.2%
ropes,154,0.2%
chamber,152,0.2%
cereal,152,0.2%
doors,152,0.2%
pineapple,148,0.2%
moose,147,0.2%
fryer,146,0.2%
tube,146,0.2%
nightstand,145,0.2%
lemon,144,0.2%
sill,142,0.2%
spoons,142,0.2%
jersey,141,0.2%
medicine,140,0.2%
tower,138,0.2%
teddy,135,0.2%
thermos,135,0.2%
packets,134,0.2%
lights,134,0.2%
number,133,0.2%
duck,131,0.2%
tomato,128,0.2%
face,128,0.2%
dice,128,0.2%
pillows,127,0.2%
slice,127,0.2%
sachets,127,0.2%
tongs,125,0.2%
chip,125,0.2%
controlling,125,0.2%
sweets,124,0.2%
cans,124,0.2%
corn,124,0.2%
sock,123,0.2%
radish,123,0.2%
turnip,121,0.2%
jacket,120,0.2%
sweatshirt,119,0.2%
worktop,118,0.2%
segment,117,0.2%
power,117,0.2%
triangle,117,0.2%
chess,117,0.2%
toolbox,116,0.2%
styrofoam,116,0.2%
papers,114,0.2%
dryer,114,0.2%
desktop,113,0.2%
cream,112,0.1%
rubik,111,0.1%
chips,111,0.1%
adaptor,110,0.1%
piano,110,0.1%
drawers,109,0.1%
zip,109,0.1%
basin,107,0.1%
fleece,107,0.1%
buttons,106,0.1%
capsule,106,0.1%
potato,105,0.1%
folk,104,0.1%
hole,104,0.1%
cubes,104,0.1%
main,103,0.1%
sneaker,103,0.1%
rice,102,0.1%
disc,102,0.1%
cob,102,0.1%
dresser,102,0.1%
markings,101,0.1%
device,100,0.1%
refrigerator,99,0.1%
socket,99,0.1%
tote,99,0.1%
brick,99,0.1%
sunglasses,99,0.1%
watermelon,97,0.1%
butter,97,0.1%
maize,97,0.1%
serving,97,0.1%
serviette,97,0.1%
bit,97,0.1%
placemat,96,0.1%
carton,95,0.1%
fruits,95,0.1%
shower,94,0.1%
chopstick,94,0.1%
keys,93,0.1%
railing,93,0.1%
clock,93,0.1%
pots,92,0.1%
display,92,0.1%
computer,91,0.1%
pear,91,0.1%
cake,90,0.1%
pole,90,0.1%
package,90,0.1%
grapes,89,0.1%
tile,88,0.1%
alarm,88,0.1%
egg,87,0.1%
screen,87,0.1%
books,87,0.1%
detergent,86,0.1%
running,86,0.1%
hob,86,0.1%
vessel,85,0.1%
making,85,0.1%
toothbrush,84,0.1%
stapler,83,0.1%
sheet,83,0.1%
blinds,83,0.1%
sorter,83,0.1%
checked,81,0.1%
plank,80,0.1%
disk,79,0.1%
waste,79,0.1%
tiles,79,0.1%
directly,78,0.1%
direction,78,0.1%
socks,77,0.1%
fries,76,0.1%
string,75,0.1%
zipper,75,0.1%
tv,75,0.1%
shoes,75,0.1%
headrest,75,0.1%
basketball,75,0.1%
abacus,73,0.1%
boxes,72,0.1%
snacks,71,0.1%
driver,71,0.1%
closet,71,0.1%
vertically,71,0.1%
cushion,71,0.1%
torch,71,0.1%
letters,71,0.1%
drink,70,0.1%
ribbon,70,0.1%
tissues,70,0.1%
hoodie,69,0.1%
bands,69,0.1%
tie,68,0.1%
add,68,0.1%
dishes,68,0.1%
substance,68,0.1%
frying,68,0.1%
floor,67,0.1%
teapot,67,0.1%
purse,67,0.1%
hood,67,0.1%
foosball,66,0.1%
cloths,66,0.1%
cola,65,0.1%
utensils,64,0.1%
plushies,64,0.1%
appliance,63,0.1%
seasoning,63,0.1%
coaster,63,0.1%
folder,63,0.1%
sprite,63,0.1%
roller,62,0.1%
rubbish,62,0.1%
takeaway,62,0.1%
sweater,61,0.1%
sneakers,61,0.1%
crayon,61,0.1%
gameboard,61,0.1%
cart,61,0.1%
starting,60,0.1%
clip,60,0.1%
strings,60,0.1%
mulberry,60,0.1%
sugar,59,0.1%
scale,59,0.1%
pouch,59,0.1%
centre,58,0.1%
calculator,58,0.1%
plum,58,0.1%
bell,58,0.1%
grill,57,0.1%
vegetable,57,0.1%
frame,57,0.1%
saucepan,57,0.1%
spell,57,0.1%
image,57,0.1%
grape,56,0.1%
order,56,0.1%
wrapper,56,0.1%
ketchup,56,0.1%
penholder,56,0.1%
beads,55,0.1%
toothpaste,55,0.1%
rub,55,0.1%
trousers,55,0.1%
checkered,54,0.1%
curtains,54,0.1%
coca,54,0.1%
heap,54,0.1%
support,54,0.1%
pad,53,0.1%
flashlight,53,0.1%
shelve,53,0.1%
laying,53,0.1%
scooper,53,0.1%
chopsticks,52,0.1%
standing,52,0.1%
tupperware,51,0.1%
writings,51,0.1%
pillowcase,51,0.1%
fan,51,0.1%
game,51,0.1%
color,50,0.1%
doritos,50,0.1%
stirrer,50,0.1%
saucer,50,0.1%
caps,49,0.1%
stationary,49,0.1%
space,48,0.1%
row,48,0.1%
border,48,0.1%
monitor,47,0.1%
broccoli,47,0.1%
broom,47,0.1%
pens,47,0.1%
forks,47,0.1%
peg,46,0.1%
travel,46,0.1%
glove,46,0.1%
slider,46,0.1%
bow,45,0.1%
dishwashing,45,0.1%
90,44,0.1%
backpack,43,0.1%
diagonally,43,0.1%
duvet,43,0.1%
according,43,0.1%
mentos,43,0.1%
frost,43,0.1%
candle,42,0.1%
tripod,42,0.1%
anti,42,0.1%
discs,42,0.1%
mixed,42,0.1%
bead,42,0.1%
ceiling,42,0.1%
garment,41,0.1%
ones,41,0.1%
teacup,41,0.1%
loop,41,0.1%
jean,41,0.1%
legos,41,0.1%
coke,41,0.1%
beetroot,41,0.1%
colander,41,0.1%
token,41,0.1%
ninety,41,0.1%
house,41,0.1%
snickers,41,0.1%
stoves,41,0.1%
lids,40,0.1%
blender,40,0.1%
groove,40,0.1%
cuboid,40,0.1%
currently,40,0.1%
elephant,40,0.1%
horizontally,39,0.1%
chute,39,0.1%
lint,39,0.1%
thermocup,39,0.1%
jumper,39,0.1%
flusk,39,0.1%
bags,39,0.1%
napkins,39,0.1%
crisper,39,0.1%
phone,38,0.1%
pin,38,0.1%
washer,38,0.1%
six,38,0.1%
remover,38,0.1%
putting,38,0.1%
until,38,0.1%
cookie,38,0.1%
conditioner,38,0.1%
sun,38,0.1%
shorts,37,0.0%
drinking,37,0.0%
breakfast,37,0.0%
powder,37,0.0%
highlighter,37,0.0%
tulip,37,0.0%
stake,37,0.0%
balls,36,0.0%
sandwich,36,0.0%
switches,36,0.0%
whisk,36,0.0%
unwind,36,0.0%
spill,36,0.0%
cables,36,0.0%
bunny,36,0.0%
fanta,36,0.0%
television,36,0.0%
wagon,36,0.0%
tiger,35,0.0%
mesh,35,0.0%
slicer,35,0.0%
milk,35,0.0%
donut,35,0.0%
rolling,35,0.0%
chandelier,35,0.0%
microbe,35,0.0%
workbench,34,0.0%
mitt,34,0.0%
dial,34,0.0%
hamper,34,0.0%
nail,34,0.0%
pill,34,0.0%
squishy,34,0.0%
sticks,34,0.0%
correctly,34,0.0%
landfill,33,0.0%
shut,33,0.0%
lotion,33,0.0%
pullout,32,0.0%
deep,32,0.0%
artificial,32,0.0%
lying,32,0.0%
rectangle,32,0.0%
star,32,0.0%
spiky,32,0.0%
garlic,31,0.0%
eyeglass,31,0.0%
trolley,31,0.0%
staple,31,0.0%
everything,31,0.0%
properly,30,0.0%
jeans,30,0.0%
untangle,30,0.0%
pliers,30,0.0%
belt,30,0.0%
markers,30,0.0%
filter,29,0.0%
slices,29,0.0%
gloves,29,0.0%
canister,29,0.0%
vest,29,0.0%
barrier,29,0.0%
tub,29,0.0%
disposable,29,0.0%
sanitizer,29,0.0%
dough,29,0.0%
play,29,0.0%
caddy,29,0.0%
longest,29,0.0%
bull,29,0.0%
dustpan,29,0.0%
wallet,28,0.0%
peanut,28,0.0%
cushions,28,0.0%
bricks,28,0.0%
teabag,28,0.0%
mouth,28,0.0%
heater,28,0.0%
popcorn,28,0.0%
rabbit,28,0.0%
bedside,28,0.0%
processor,27,0.0%
neatly,27,0.0%
handles,27,0.0%
football,27,0.0%
sitting,27,0.0%
drip,27,0.0%
umbrella,27,0.0%
grains,27,0.0%
smallest,26,0.0%
strainer,26,0.0%
wine,26,0.0%
drain,26,0.0%
headphones,26,0.0%
shield,26,0.0%
stool,26,0.0%
hats,26,0.0%
usb,26,0.0%
lays,26,0.0%
radio,26,0.0%
robe,26,0.0%
mirror,25,0.0%
fallen,25,0.0%
slotted,25,0.0%
sides,25,0.0%
vegetables,25,0.0%
wood,25,0.0%
unhook,25,0.0%
bathroom,25,0.0%
cooler,25,0.0%
slipper,25,0.0%
mitten,25,0.0%
shelves,25,0.0%
chessboard,25,0.0%
office,24,0.0%
tip,24,0.0%
card,24,0.0%
ziploc,24,0.0%
digital,24,0.0%
tablecloth,24,0.0%
lastly,24,0.0%
pocket,24,0.0%
fluffy,24,0.0%
cupcake,24,0.0%
racket,23,0.0%
packaging,23,0.0%
drawing,23,0.0%
uncovered,23,0.0%
smiley,23,0.0%
canned,23,0.0%
squares,23,0.0%
protein,23,0.0%
hangers,23,0.0%
halfway,23,0.0%
clothe,23,0.0%
dishpan,23,0.0%
zucchini,22,0.0%
built,22,0.0%
knot,22,0.0%
adjacent,22,0.0%
armchair,22,0.0%
picture,22,0.0%
keurig,22,0.0%
pods,22,0.0%
bracelet,22,0.0%
sharp,22,0.0%
pages,22,0.0%
speaker,22,0.0%
potholder,22,0.0%
pants,21,0.0%
further,21,0.0%
repeatedly,21,0.0%
blade,21,0.0%
bunch,21,0.0%
airfryer,21,0.0%
reservoir,21,0.0%
oil,21,0.0%
coloured,21,0.0%
recycling,21,0.0%
multi,21,0.0%
cutter,21,0.0%
toilet,21,0.0%
wipes,21,0.0%
remotes,21,0.0%
bishop,21,0.0%
inwards,20,0.0%
containing,20,0.0%
organizer,20,0.0%
wind,20,0.0%
station,20,0.0%
plain,20,0.0%
forth,20,0.0%
blades,20,0.0%
except,20,0.0%
fit,20,0.0%
places,20,0.0%
cucumber,20,0.0%
positions,20,0.0%
burner,20,0.0%
vial,20,0.0%
bat,20,0.0%
colour,20,0.0%
flash,20,0.0%
console,20,0.0%
granola,20,0.0%
trailer,20,0.0%
tabasco,20,0.0%
rob,20,0.0%
drainer,19,0.0%
opener,19,0.0%
vase,19,0.0%
pu,19,0.0%
printer,19,0.0%
bedsheet,19,0.0%
plant,19,0.0%
sided,19,0.0%
soup,19,0.0%
rubix,19,0.0%
baking,19,0.0%
higher,19,0.0%
4th,19,0.0%
spongy,19,0.0%
sponges,19,0.0%
dolls,19,0.0%
aggregate,19,0.0%
crayons,19,0.0%
dust,19,0.0%
words,19,0.0%
die,19,0.0%
cocktail,19,0.0%
battery,18,0.0%
stacks,18,0.0%
straws,18,0.0%
teaspoon,18,0.0%
ends,18,0.0%
as,18,0.0%
covers,18,0.0%
eggplant,18,0.0%
candies,18,0.0%
shoulder,18,0.0%
gadget,18,0.0%
trouser,18,0.0%
separately,18,0.0%
tokens,18,0.0%
ahead,18,0.0%
ties,18,0.0%
turtle,18,0.0%
bean,18,0.0%
aircon,18,0.0%
ironing,18,0.0%
opaque,18,0.0%
litter,17,0.0%
coil,17,0.0%
escape,17,0.0%
measure,17,0.0%
stopper,17,0.0%
shoot,17,0.0%
bins,17,0.0%
print,17,0.0%
tumbler,17,0.0%
scoops,17,0.0%
portable,17,0.0%
dog,17,0.0%
gadgets,17,0.0%
descending,17,0.0%
tear,17,0.0%
seeds,17,0.0%
hooks,17,0.0%
north,17,0.0%
length,16,0.0%
pairs,16,0.0%
mugs,16,0.0%
hair,16,0.0%
positioned,16,0.0%
gift,16,0.0%
wardrobe,16,0.0%
bench,16,0.0%
slots,16,0.0%
packs,16,0.0%
hanged,16,0.0%
strip,16,0.0%
spring,16,0.0%
beddings,16,0.0%
spectacle,16,0.0%
fish,16,0.0%
central,16,0.0%
lunchboxes,16,0.0%
trainer,16,0.0%
bung,16,0.0%
range,16,0.0%
heart,16,0.0%
neon,16,0.0%
freezer,15,0.0%
floral,15,0.0%
crisps,15,0.0%
ziplock,15,0.0%
something,15,0.0%
booklet,15,0.0%
burger,15,0.0%
corners,15,0.0%
avocado,15,0.0%
beneath,15,0.0%
holders,15,0.0%
cords,15,0.0%
those,15,0.0%
wash,15,0.0%
garbage,15,0.0%
flower,15,0.0%
zebra,15,0.0%
shove,15,0.0%
while,15,0.0%
pee,15,0.0%
neck,15,0.0%
compartments,15,0.0%
carafe,15,0.0%
core,14,0.0%
bulbs,14,0.0%
silicon,14,0.0%
mint,14,0.0%
copier,14,0.0%
nut,14,0.0%
airpod,14,0.0%
strap,14,0.0%
let,14,0.0%
doughnut,14,0.0%
tablet,14,0.0%
golf,14,0.0%
spacebar,14,0.0%
bars,14,0.0%
well,14,0.0%
creamer,14,0.0%
dishing,14,0.0%
cello,14,0.0%
column,14,0.0%
park,14,0.0%
dress,14,0.0%
slippers,14,0.0%
knives,14,0.0%
blind,14,0.0%
home,14,0.0%
lighter,14,0.0%
arch,14,0.0%
controls,14,0.0%
truck,14,0.0%
dr,14,0.0%
organization,14,0.0%
dinosaur,14,0.0%
notepad,13,0.0%
scribble,13,0.0%
unravel,13,0.0%
sleeves,13,0.0%
original,13,0.0%
mitts,13,0.0%
mouthwash,13,0.0%
sleeve,13,0.0%
whey,13,0.0%
writing,13,0.0%
headsets,13,0.0%
portion,13,0.0%
cabinets,13,0.0%
pizza,13,0.0%
3rd,13,0.0%
stripes,13,0.0%
plastics,13,0.0%
join,13,0.0%
thrice,13,0.0%
cd,13,0.0%
cheetos,13,0.0%
novel,13,0.0%
rip,13,0.0%
reddish,13,0.0%
sinks,13,0.0%
colorful,12,0.0%
notebook,12,0.0%
point,12,0.0%
octopus,12,0.0%
flowery,12,0.0%
knock,12,0.0%
suitcase,12,0.0%
followed,12,0.0%
paddle,12,0.0%
lysol,12,0.0%
soldering,12,0.0%
bock,12,0.0%
cloves,12,0.0%
bedroom,12,0.0%
fix,12,0.0%
baseball,12,0.0%
warmer,12,0.0%
juice,12,0.0%
spot,12,0.0%
scooped,12,0.0%
pressure,12,0.0%
headboard,12,0.0%
dinner,12,0.0%
syrup,12,0.0%
simultaneously,12,0.0%
aligned,12,0.0%
grounds,12,0.0%
shades,12,0.0%
decoration,12,0.0%
largest,11,0.0%
bookshelf,11,0.0%
shiny,11,0.0%
biggest,11,0.0%
tools,11,0.0%
spanner,11,0.0%
potatoes,11,0.0%
fry,11,0.0%
wok,11,0.0%
softener,11,0.0%
curved,11,0.0%
hung,11,0.0%
scrubbing,11,0.0%
fritos,11,0.0%
ad,11,0.0%
pumpkin,11,0.0%
loose,11,0.0%
skate,11,0.0%
peeler,11,0.0%
knitted,11,0.0%
piled,11,0.0%
step,11,0.0%
pasta,11,0.0%
sheets,11,0.0%
man,11,0.0%
pencils,11,0.0%
sequence,11,0.0%
foil,11,0.0%
job,11,0.0%
gaming,11,0.0%
king,11,0.0%
reply,11,0.0%
compact,11,0.0%
torchlight,11,0.0%
restack,11,0.0%
cards,10,0.0%
material,10,0.0%
meat,10,0.0%
scourer,10,0.0%
attached,10,0.0%
leopard,10,0.0%
afterward,10,0.0%
run,10,0.0%
night,10,0.0%
lemons,10,0.0%
room,10,0.0%
hammer,10,0.0%
work,10,0.0%
weight,10,0.0%
lens,10,0.0%
knobs,10,0.0%
golden,10,0.0%
wiper,10,0.0%
mango,10,0.0%
miniature,10,0.0%
mixer,10,0.0%
page,10,0.0%
already,10,0.0%
bubble,10,0.0%
bunk,10,0.0%
comforter,10,0.0%
lie,9,0.0%
chairs,9,0.0%
unzip,9,0.0%
allen,9,0.0%
rods,9,0.0%
tubes,9,0.0%
sticky,9,0.0%
yoghurt,9,0.0%
scrunchie,9,0.0%
gluestick,9,0.0%
bolt,9,0.0%
airpods,9,0.0%
level,9,0.0%
melon,9,0.0%
stuck,9,0.0%
written,9,0.0%
rim,9,0.0%
tree,9,0.0%
player,9,0.0%
pattern,9,0.0%
puzzle,9,0.0%
ruler,9,0.0%
bandana,9,0.0%
tong,9,0.0%
group,9,0.0%
shopping,9,0.0%
decoder,9,0.0%
pantry,9,0.0%
magazine,9,0.0%
vinegar,9,0.0%
drinks,9,0.0%
pyramid,9,0.0%
drawings,9,0.0%
topped,9,0.0%
owl,9,0.0%
lengthwise,9,0.0%
reptile,9,0.0%
foot,8,0.0%
mixing,8,0.0%
lead,8,0.0%
pout,8,0.0%
bank,8,0.0%
outwards,8,0.0%
tab,8,0.0%
repeat,8,0.0%
note,8,0.0%
potted,8,0.0%
marshmallow,8,0.0%
scribbles,8,0.0%
lone,8,0.0%
tablespoon,8,0.0%
banker,8,0.0%
scarf,8,0.0%
sprinkle,8,0.0%
grid,8,0.0%
area,8,0.0%
cone,8,0.0%
tapes,8,0.0%
unpack,8,0.0%
study,8,0.0%
capsules,8,0.0%
ear,8,0.0%
source,8,0.0%
slabs,8,0.0%
respective,8,0.0%
cereals,8,0.0%
lined,8,0.0%
sausage,8,0.0%
tide,8,0.0%
gummy,8,0.0%
grating,8,0.0%
theater,8,0.0%
pebble,8,0.0%
flamingo,8,0.0%
ejector,8,0.0%
weaved,8,0.0%
gamepad,8,0.0%
hundred,8,0.0%
eighty,8,0.0%
foams,8,0.0%
logo,8,0.0%
grocery,8,0.0%
bowler,8,0.0%
spiked,8,0.0%
untie,7,0.0%
shoelace,7,0.0%
tank,7,0.0%
coin,7,0.0%
stripped,7,0.0%
ridge,7,0.0%
poke,7,0.0%
show,7,0.0%
helmet,7,0.0%
tooth,7,0.0%
beginning,7,0.0%
scrunch,7,0.0%
firmly,7,0.0%
floss,7,0.0%
fake,7,0.0%
sure,7,0.0%
valve,7,0.0%
contact,7,0.0%
pluck,7,0.0%
hoop,7,0.0%
done,7,0.0%
grinder,7,0.0%
refuse,7,0.0%
curl,7,0.0%
duckie,7,0.0%
others,7,0.0%
satchel,7,0.0%
chain,7,0.0%
rug,7,0.0%
arrow,7,0.0%
firstly,7,0.0%
dots,7,0.0%
whole,7,0.0%
person,7,0.0%
bows,7,0.0%
bridge,7,0.0%
darker,7,0.0%
dorito,7,0.0%
trainers,7,0.0%
masher,7,0.0%
confines,7,0.0%
dirt,7,0.0%
filters,7,0.0%
parallel,7,0.0%
theatre,7,0.0%
bowel,7,0.0%
jars,7,0.0%
amongst,7,0.0%
nine,7,0.0%
rook,7,0.0%
evenly,7,0.0%
legs,7,0.0%
ice,7,0.0%
flex,7,0.0%
french,6,0.0%
finished,6,0.0%
extended,6,0.0%
nuts,6,0.0%
colors,6,0.0%
marshmallows,6,0.0%
pane,6,0.0%
mustard,6,0.0%
ground,6,0.0%
sweatpants,6,0.0%
organiser,6,0.0%
paste,6,0.0%
hamburger,6,0.0%
shade,6,0.0%
yogurt,6,0.0%
fire,6,0.0%
beanie,6,0.0%
perfume,6,0.0%
reading,6,0.0%
sealed,6,0.0%
funnel,6,0.0%
structure,6,0.0%
port,6,0.0%
th,6,0.0%
machines,6,0.0%
chord,6,0.0%
outer,6,0.0%
gun,6,0.0%
envelope,6,0.0%
playing,6,0.0%
photocopying,6,0.0%
blush,6,0.0%
unroll,6,0.0%
linen,6,0.0%
5th,6,0.0%
bristles,6,0.0%
pads,6,0.0%
tuck,6,0.0%
aid,6,0.0%
bird,6,0.0%
slip,6,0.0%
nicely,6,0.0%
deer,6,0.0%
serviettes,6,0.0%
marble,6,0.0%
shapes,6,0.0%
clipper,6,0.0%
cupholder,6,0.0%
margin,6,0.0%
complete,6,0.0%
reorder,6,0.0%
immediate,6,0.0%
nike,6,0.0%
decorating,6,0.0%
ribbons,6,0.0%
pawn,6,0.0%
queen,6,0.0%
trivet,6,0.0%
monster,6,0.0%
wheels,6,0.0%
spatulas,6,0.0%
frother,6,0.0%
av,6,0.0%
lightning,6,0.0%
cars,6,0.0%
pestle,6,0.0%
gum,6,0.0%
pitcher,6,0.0%
watering,5,0.0%
disks,5,0.0%
dustbin,5,0.0%
ajar,5,0.0%
hose,5,0.0%
mats,5,0.0%
tallest,5,0.0%
located,5,0.0%
clove,5,0.0%
boards,5,0.0%
apron,5,0.0%
chapstick,5,0.0%
tops,5,0.0%
enter,5,0.0%
ipad,5,0.0%
club,5,0.0%
department,5,0.0%
toast,5,0.0%
random,5,0.0%
covering,5,0.0%
frog,5,0.0%
toiletry,5,0.0%
wrapped,5,0.0%
dismantle,5,0.0%
whisker,5,0.0%
dangling,5,0.0%
plus,5,0.0%
boot,5,0.0%
pop,5,0.0%
triangles,5,0.0%
stock,5,0.0%
grain,5,0.0%
bathing,5,0.0%
lowest,5,0.0%
thee,5,0.0%
when,5,0.0%
griddle,5,0.0%
plies,5,0.0%
vaseline,5,0.0%
semi,5,0.0%
mental,5,0.0%
contains,5,0.0%
tag,5,0.0%
trays,5,0.0%
leg,5,0.0%
ducky,5,0.0%
strips,5,0.0%
folks,5,0.0%
drive,5,0.0%
ellen,5,0.0%
rom,5,0.0%
continuously,5,0.0%
code,5,0.0%
spices,5,0.0%
vail,5,0.0%
baskets,5,0.0%
casing,5,0.0%
slight,5,0.0%
detangle,5,0.0%
spotted,5,0.0%
width,5,0.0%
go,5,0.0%
baster,5,0.0%
turkey,5,0.0%
human,5,0.0%
deck,5,0.0%
pamphlet,5,0.0%
cylinders,5,0.0%
bun,5,0.0%
lightly,5,0.0%
straps,5,0.0%
bananas,5,0.0%
orang,5,0.0%
gillette,5,0.0%
scrabble,5,0.0%
frontmost,5,0.0%
jelly,5,0.0%
soy,5,0.0%
painting,5,0.0%
packing,5,0.0%
liner,5,0.0%
biscuit,5,0.0%
itself,5,0.0%
stirrers,5,0.0%
liners,5,0.0%
spelt,5,0.0%
smoothly,5,0.0%
clay,5,0.0%
condiment,5,0.0%
stairs,5,0.0%
robot,5,0.0%
sockets,5,0.0%
drill,5,0.0%
tins,5,0.0%
espresso,5,0.0%
claw,5,0.0%
spreader,5,0.0%
server,5,0.0%
laces,4,0.0%
partly,4,0.0%
microphone,4,0.0%
retractable,4,0.0%
holes,4,0.0%
cleaner,4,0.0%
sized,4,0.0%
apart,4,0.0%
motion,4,0.0%
labeled,4,0.0%
coins,4,0.0%
dumbbell,4,0.0%
garments,4,0.0%
magnetic,4,0.0%
listerine,4,0.0%
sellotape,4,0.0%
khaki,4,0.0%
score,4,0.0%
bulb,4,0.0%
dental,4,0.0%
notes,4,0.0%
filled,4,0.0%
reed,4,0.0%
honey,4,0.0%
covered,4,0.0%
trail,4,0.0%
scope,4,0.0%
locker,4,0.0%
divide,4,0.0%
spam,4,0.0%
recycle,4,0.0%
sticker,4,0.0%
rags,4,0.0%
shaver,4,0.0%
leaf,4,0.0%
screwdrivers,4,0.0%
crystal,4,0.0%
headset,4,0.0%
uncoil,4,0.0%
tale,4,0.0%
loader,4,0.0%
seals,4,0.0%
document,4,0.0%
connected,4,0.0%
electrical,4,0.0%
combined,4,0.0%
pit,4,0.0%
timer,4,0.0%
net,4,0.0%
dispose,4,0.0%
cross,4,0.0%
gas,4,0.0%
macbook,4,0.0%
afterwards,4,0.0%
path,4,0.0%
cheetah,4,0.0%
carriage,4,0.0%
trey,4,0.0%
oranges,4,0.0%
cu,4,0.0%
cases,4,0.0%
sandal,4,0.0%
flop,4,0.0%
readjust,4,0.0%
hangwire,4,0.0%
sets,4,0.0%
kit,4,0.0%
blank,4,0.0%
distribute,4,0.0%
scissor,4,0.0%
electricity,4,0.0%
pallet,4,0.0%
utmost,4,0.0%
ford,4,0.0%
wrappers,4,0.0%
cat,4,0.0%
south,4,0.0%
rat,4,0.0%
inner,4,0.0%
saltcellar,4,0.0%
soon,4,0.0%
panda,4,0.0%
now,4,0.0%
bears,4,0.0%
squirt,4,0.0%
system,4,0.0%
oats,4,0.0%
formed,4,0.0%
laptops,4,0.0%
grate,4,0.0%
mit,4,0.0%
tumble,4,0.0%
intelligence,4,0.0%
bedpost,4,0.0%
disposal,4,0.0%
controllers,4,0.0%
purifier,4,0.0%
lining,4,0.0%
scoopers,4,0.0%
clipboard,4,0.0%
plaque,4,0.0%
particles,4,0.0%
handled,4,0.0%
dip,4,0.0%
handkerchief,4,0.0%
chase,4,0.0%
tim,4,0.0%
hortons,4,0.0%
tilted,4,0.0%
widely,4,0.0%
ejecting,4,0.0%
pinches,4,0.0%
seven,4,0.0%
decor,4,0.0%
rode,4,0.0%
racks,4,0.0%
barbell,4,0.0%
dispensing,4,0.0%
syringe,4,0.0%
keychain,4,0.0%
ears,4,0.0%
storing,4,0.0%
batteries,4,0.0%
whitish,4,0.0%
tippex,4,0.0%
collar,4,0.0%
con,4,0.0%
blob,4,0.0%
cardigan,3,0.0%
zigzag,3,0.0%
chicken,3,0.0%
pegged,3,0.0%
envelopes,3,0.0%
paint,3,0.0%
besides,3,0.0%
peppers,3,0.0%
alphabet,3,0.0%
camera,3,0.0%
eyewear,3,0.0%
uppermost,3,0.0%
polka,3,0.0%
dot,3,0.0%
pajama,3,0.0%
beam,3,0.0%
convection,3,0.0%
scroll,3,0.0%
stands,3,0.0%
unclear,3,0.0%
leaflet,3,0.0%
pus,3,0.0%
mason,3,0.0%
courgette,3,0.0%
satchet,3,0.0%
equally,3,0.0%
shoebox,3,0.0%
headphone,3,0.0%
rolls,3,0.0%
apples,3,0.0%
tweezers,3,0.0%
telephone,3,0.0%
skin,3,0.0%
vacuum,3,0.0%
oximeter,3,0.0%
pulse,3,0.0%
thermal,3,0.0%
skillet,3,0.0%
animals,3,0.0%
clips,3,0.0%
aside,3,0.0%
drumstick,3,0.0%
cape,3,0.0%
unfasten,3,0.0%
pickup,3,0.0%
eyeglasses,3,0.0%
noodles,3,0.0%
clipart,3,0.0%
pt,3,0.0%
packaged,3,0.0%
blending,3,0.0%
mattress,3,0.0%
emergency,3,0.0%
blow,3,0.0%
cubic,3,0.0%
salmon,3,0.0%
sprayer,3,0.0%
sweat,3,0.0%
flowers,3,0.0%
flag,3,0.0%
reopen,3,0.0%
eject,3,0.0%
vice,3,0.0%
versa,3,0.0%
latch,3,0.0%
among,3,0.0%
briefcase,3,0.0%
slop,3,0.0%
sky,3,0.0%
mop,3,0.0%
welding,3,0.0%
plunger,3,0.0%
comb,3,0.0%
fried,3,0.0%
flannel,3,0.0%
sign,3,0.0%
handful,3,0.0%
movie,3,0.0%
team,3,0.0%
individual,3,0.0%
shoelaces,3,0.0%
pinks,3,0.0%
remain,3,0.0%
crush,3,0.0%
fabrics,3,0.0%
spraying,3,0.0%
spritz,3,0.0%
squared,3,0.0%
fiji,3,0.0%
entire,3,0.0%
marked,3,0.0%
sushi,3,0.0%
tortoise,3,0.0%
rose,3,0.0%
stationery,3,0.0%
45,3,0.0%
tp,3,0.0%
continue,3,0.0%
sleeper,3,0.0%
coded,3,0.0%
footboard,3,0.0%
router,3,0.0%
saltshaker,3,0.0%
rock,3,0.0%
handbag,3,0.0%
popcorns,3,0.0%
shovel,3,0.0%
sightly,3,0.0%
marbles,3,0.0%
blinders,3,0.0%
lump,3,0.0%
conditioning,3,0.0%
used,3,0.0%
crackers,3,0.0%
sound,3,0.0%
runs,3,0.0%
pushy,3,0.0%
rails,3,0.0%
receipt,3,0.0%
individually,3,0.0%
180,3,0.0%
toe,3,0.0%
tied,3,0.0%
pressa,3,0.0%
lace,3,0.0%
shelving,3,0.0%
bug,3,0.0%
faces,3,0.0%
taps,3,0.0%
realign,3,0.0%
wrenches,3,0.0%
data,3,0.0%
ending,3,0.0%
sleeveless,3,0.0%
tshirt,3,0.0%
flush,3,0.0%
video,3,0.0%
service,3,0.0%
1g,3,0.0%
decorations,3,0.0%
unstuck,3,0.0%
exposed,3,0.0%
cistern,3,0.0%
organise,3,0.0%
lumber,3,0.0%
saver,3,0.0%
numbers,3,0.0%
pocketknife,3,0.0%
horse,3,0.0%
bend,3,0.0%
sharpies,3,0.0%
safety,3,0.0%
sharpener,3,0.0%
edges,3,0.0%
whistle,3,0.0%
dices,3,0.0%
translucent,3,0.0%
indicator,3,0.0%
smiling,3,0.0%
previous,3,0.0%
handleless,3,0.0%
ladles,3,0.0%
equals,3,0.0%
cranberries,3,0.0%
drawn,3,0.0%
music,3,0.0%
chains,3,0.0%
mineral,3,0.0%
legged,3,0.0%
canning,3,0.0%
curvy,3,0.0%
dimming,3,0.0%
spinning,3,0.0%
coffeepot,3,0.0%
binder,3,0.0%
formula,3,0.0%
instead,2,0.0%
woolen,2,0.0%
sliver,2,0.0%
lip,2,0.0%
care,2,0.0%
duct,2,0.0%
turner,2,0.0%
clamped,2,0.0%
brewer,2,0.0%
break,2,0.0%
ta,2,0.0%
nearer,2,0.0%
oval,2,0.0%
tazo,2,0.0%
figurine,2,0.0%
raspberry,2,0.0%
jugs,2,0.0%
mobile,2,0.0%
tow,2,0.0%
rests,2,0.0%
own,2,0.0%
blankets,2,0.0%
mincer,2,0.0%
nest,2,0.0%
wheel,2,0.0%
flowerpot,2,0.0%
pice,2,0.0%
boots,2,0.0%
extendable,2,0.0%
tot,2,0.0%
om,2,0.0%
rubiks,2,0.0%
allan,2,0.0%
robotics,2,0.0%
bluestripped,2,0.0%
split,2,0.0%
partition,2,0.0%
ledge,2,0.0%
foward,2,0.0%
eight,2,0.0%
beef,2,0.0%
tinned,2,0.0%
nibs,2,0.0%
cacao,2,0.0%
copying,2,0.0%
kid,2,0.0%
pace,2,0.0%
products,2,0.0%
fluff,2,0.0%
handset,2,0.0%
build,2,0.0%
ty,2,0.0%
mag,2,0.0%
watch,2,0.0%
electronic,2,0.0%
scrunchy,2,0.0%
unto,2,0.0%
wild,2,0.0%
thermo,2,0.0%
barrel,2,0.0%
cop,2,0.0%
garlics,2,0.0%
fluid,2,0.0%
resting,2,0.0%
shaft,2,0.0%
swing,2,0.0%
pate,2,0.0%
chutes,2,0.0%
jag,2,0.0%
size,2,0.0%
eachother,2,0.0%
capes,2,0.0%
berries,2,0.0%
magnets,2,0.0%
gap,2,0.0%
prism,2,0.0%
burgundy,2,0.0%
ramen,2,0.0%
turnover,2,0.0%
cellars,2,0.0%
flaps,2,0.0%
coasters,2,0.0%
shit,2,0.0%
eggs,2,0.0%
finish,2,0.0%
visible,2,0.0%
cocoa,2,0.0%
magnet,2,0.0%
printing,2,0.0%
tight,2,0.0%
tabe,2,0.0%
griller,2,0.0%
heads,2,0.0%
sick,2,0.0%
waffle,2,0.0%
sleep,2,0.0%
mode,2,0.0%
piggy,2,0.0%
burgers,2,0.0%
bedding,2,0.0%
cramped,2,0.0%
carpet,2,0.0%
earphone,2,0.0%
solo,2,0.0%
reck,2,0.0%
masks,2,0.0%
lidded,2,0.0%
ten,2,0.0%
dowel,2,0.0%
middlemost,2,0.0%
mush,2,0.0%
bicycle,2,0.0%
project,2,0.0%
pyjama,2,0.0%
mount,2,0.0%
solution,2,0.0%
pins,2,0.0%
mannequins,2,0.0%
tablets,2,0.0%
bot,2,0.0%
must,2,0.0%
nearby,2,0.0%
meet,2,0.0%
busket,2,0.0%
plants,2,0.0%
slides,2,0.0%
scores,2,0.0%
stopwatch,2,0.0%
parchment,2,0.0%
2nd,2,0.0%
bandaids,2,0.0%
spectacles,2,0.0%
unhung,2,0.0%
bad,2,0.0%
free,2,0.0%
mittens,2,0.0%
parse,2,0.0%
scooping,2,0.0%
veil,2,0.0%
shifting,2,0.0%
orderly,2,0.0%
platforms,2,0.0%
separated,2,0.0%
sync,2,0.0%
his,2,0.0%
cramp,2,0.0%
kitten,2,0.0%
seed,2,0.0%
pac,2,0.0%
turns,2,0.0%
balance,2,0.0%
coordinated,2,0.0%
opens,2,0.0%
initial,2,0.0%
pushes,2,0.0%
scrapper,2,0.0%
mcdonalds,2,0.0%
alone,2,0.0%
ensuring,2,0.0%
correspond,2,0.0%
squashed,2,0.0%
grouped,2,0.0%
penguin,2,0.0%
backet,2,0.0%
res,2,0.0%
road,2,0.0%
tae,2,0.0%
puppy,2,0.0%
her,2,0.0%
swipe,2,0.0%
thoroughly,2,0.0%
sections,2,0.0%
mushy,2,0.0%
pebbles,2,0.0%
blocker,2,0.0%
furthermost,2,0.0%
stamp,2,0.0%
colourful,2,0.0%
piles,2,0.0%
lack,2,0.0%
whip,2,0.0%
fro,2,0.0%
pointing,2,0.0%
spelling,2,0.0%
eating,2,0.0%
zero,2,0.0%
crumble,2,0.0%
steer,2,0.0%
keypad,2,0.0%
sharpening,2,0.0%
bedsheets,2,0.0%
found,2,0.0%
allow,2,0.0%
come,2,0.0%
windows,2,0.0%
cider,2,0.0%
untwist,2,0.0%
violet,2,0.0%
mice,2,0.0%
pastry,2,0.0%
unclip,2,0.0%
unlatch,2,0.0%
grater,2,0.0%
wrist,2,0.0%
decorated,2,0.0%
silverware,2,0.0%
provision,2,0.0%
met,2,0.0%
widow,2,0.0%
crumbs,2,0.0%
matching,2,0.0%
snapback,2,0.0%
steak,2,0.0%
stereo,2,0.0%
ove,2,0.0%
post,2,0.0%
flour,2,0.0%
though,2,0.0%
task,2,0.0%
doing,2,0.0%
rightful,2,0.0%
jerking,2,0.0%
goggles,2,0.0%
bundle,2,0.0%
lampshade,2,0.0%
perfectly,2,0.0%
eft,2,0.0%
having,2,0.0%
puffer,2,0.0%
pale,2,0.0%
petal,2,0.0%
nivea,2,0.0%
isolate,2,0.0%
late,2,0.0%
jack,2,0.0%
thread,2,0.0%
connector,2,0.0%
spirit,2,0.0%
highest,2,0.0%
leaning,2,0.0%
pointy,2,0.0%
chick,2,0.0%
id,2,0.0%
wipers,2,0.0%
bath,2,0.0%
spaces,2,0.0%
sofas,2,0.0%
tshirts,2,0.0%
batch,2,0.0%
train,2,0.0%
starbucks,2,0.0%
identical,2,0.0%
f5,2,0.0%
f6,2,0.0%
curve,2,0.0%
trigger,2,0.0%
lumbar,2,0.0%
pillowcases,2,0.0%
made,2,0.0%
self,2,0.0%
dropper,2,0.0%
dying,2,0.0%
topple,2,0.0%
spic,2,0.0%
heating,2,0.0%
rale,2,0.0%
spaghetti,2,0.0%
bangle,2,0.0%
piping,2,0.0%
layer,2,0.0%
weights,2,0.0%
thong,2,0.0%
multicolor,2,0.0%
forwardmost,2,0.0%
santa,2,0.0%
role,2,0.0%
staring,2,0.0%
petroleum,2,0.0%
bracket,2,0.0%
flow,2,0.0%
feet,2,0.0%
dimmer,2,0.0%
former,2,0.0%
fly,2,0.0%
swatter,2,0.0%
openings,2,0.0%
reusable,2,0.0%
even,2,0.0%
lavender,2,0.0%
fishing,2,0.0%
dongle,2,0.0%
zipping,2,0.0%
clamps,2,0.0%
hate,2,0.0%
skewers,2,0.0%
onion,2,0.0%
butane,2,0.0%
glues,2,0.0%
subscribed,2,0.0%
drilling,2,0.0%
f1,2,0.0%
jungle,2,0.0%
f10,2,0.0%
savings,1,0.0%
seventh,1,0.0%
bule,1,0.0%
strawberries,1,0.0%
ppick,1,0.0%
beach,1,0.0%
segmented,1,0.0%
mints,1,0.0%
mose,1,0.0%
squeezable,1,0.0%
rink,1,0.0%
rotary,1,0.0%
wheelie,1,0.0%
movement,1,0.0%
spike,1,0.0%
fastener,1,0.0%
descriptions,1,0.0%
stem,1,0.0%
peels,1,0.0%
disappointed,1,0.0%
slack,1,0.0%
booklets,1,0.0%
bookcase,1,0.0%
striker,1,0.0%
orangish,1,0.0%
flashlights,1,0.0%
swee,1,0.0%
overlapping,1,0.0%
incorporate,1,0.0%
printed,1,0.0%
clothesline,1,0.0%
bck,1,0.0%
these,1,0.0%
actions,1,0.0%
cubical,1,0.0%
tracker,1,0.0%
spritzer,1,0.0%
handwash,1,0.0%
corresponding,1,0.0%
collared,1,0.0%
asterisk,1,0.0%
amidst,1,0.0%
creases,1,0.0%
nectarine,1,0.0%
fleeces,1,0.0%
proceed,1,0.0%
plcae,1,0.0%
past,1,0.0%
buns,1,0.0%
armrests,1,0.0%
joined,1,0.0%
hoody,1,0.0%
unsolved,1,0.0%
egde,1,0.0%
arranga,1,0.0%
bandaid,1,0.0%
thepen,1,0.0%
unstick,1,0.0%
headband,1,0.0%
headbend,1,0.0%
birds,1,0.0%
soray,1,0.0%
adidas,1,0.0%
circuit,1,0.0%
slit,1,0.0%
hallway,1,0.0%
husk,1,0.0%
whitepaper,1,0.0%
frech,1,0.0%
filling,1,0.0%
stethoscope,1,0.0%
overheard,1,0.0%
pput,1,0.0%
boxers,1,0.0%
celler,1,0.0%
tables,1,0.0%
rubrik,1,0.0%
unhoop,1,0.0%
redstriped,1,0.0%
baby,1,0.0%
marrow,1,0.0%
airfyer,1,0.0%
unassemble,1,0.0%
charge,1,0.0%
cof,1,0.0%
flossing,1,0.0%
cancel,1,0.0%
cardbox,1,0.0%
component,1,0.0%
reg,1,0.0%
spots,1,0.0%
lettered,1,0.0%
settings,1,0.0%
smoldering,1,0.0%
roil,1,0.0%
faceplate,1,0.0%
landline,1,0.0%
swivel,1,0.0%
vine,1,0.0%
whisking,1,0.0%
puck,1,0.0%
submerge,1,0.0%
draining,1,0.0%
detachable,1,0.0%
rapper,1,0.0%
blander,1,0.0%
shoots,1,0.0%
dishwater,1,0.0%
intercom,1,0.0%
ejected,1,0.0%
markup,1,0.0%
fap,1,0.0%
fist,1,0.0%
centerpiece,1,0.0%
regular,1,0.0%
drum,1,0.0%
intensity,1,0.0%
metaling,1,0.0%
plasters,1,0.0%
po,1,0.0%
armest,1,0.0%
teeth,1,0.0%
retain,1,0.0%
clothespin,1,0.0%
class,1,0.0%
mushroom,1,0.0%
fanny,1,0.0%
windowpane,1,0.0%
stover,1,0.0%
lest,1,0.0%
ox,1,0.0%
almonds,1,0.0%
interact,1,0.0%
arms,1,0.0%
amd,1,0.0%
uhang,1,0.0%
nails,1,0.0%
onions,1,0.0%
macaroni,1,0.0%
nespresso,1,0.0%
family,1,0.0%
bowl6,1,0.0%
labelled,1,0.0%
pich,1,0.0%
slat,1,0.0%
bedspread,1,0.0%
spouted,1,0.0%
toasting,1,0.0%
ping,1,0.0%
pong,1,0.0%
swirl,1,0.0%
bard,1,0.0%
flyer,1,0.0%
specks,1,0.0%
objet,1,0.0%
abcde,1,0.0%
ln,1,0.0%
ship,1,0.0%
pincers,1,0.0%
grapefruit,1,0.0%
rightwards,1,0.0%
earpods,1,0.0%
eat,1,0.0%
unsure,1,0.0%
product,1,0.0%
clubs,1,0.0%
trat,1,0.0%
oth,1,0.0%
situated,1,0.0%
cornflower,1,0.0%
gar,1,0.0%
weighing,1,0.0%
scrunchies,1,0.0%
cerave,1,0.0%
chait,1,0.0%
whisks,1,0.0%
eggbeater,1,0.0%
sphere,1,0.0%
spherical,1,0.0%
undersheet,1,0.0%
cargo,1,0.0%
boxer,1,0.0%
pills,1,0.0%
microwaves,1,0.0%
dorr,1,0.0%
stencil,1,0.0%
hoops,1,0.0%
install,1,0.0%
issue,1,0.0%
naartjie,1,0.0%
pur,1,0.0%
cip,1,0.0%
halves,1,0.0%
potatoe,1,0.0%
stationaries,1,0.0%
receiver,1,0.0%
rise,1,0.0%
notepads,1,0.0%
charcoal,1,0.0%
heat,1,0.0%
dummies,1,0.0%
char,1,0.0%
ready,1,0.0%
magazines,1,0.0%
led,1,0.0%
flickering,1,0.0%
brim,1,0.0%
som,1,0.0%
meshing,1,0.0%
ratchet,1,0.0%
cloe,1,0.0%
contraption,1,0.0%
boel,1,0.0%
underwear,1,0.0%
rall,1,0.0%
dowels,1,0.0%
rop,1,0.0%
mannequin,1,0.0%
spindle,1,0.0%
drape,1,0.0%
musk,1,0.0%
joint,1,0.0%
moe,1,0.0%
te,1,0.0%
siting,1,0.0%
eyewash,1,0.0%
bloke,1,0.0%
thats,1,0.0%
sweeter,1,0.0%
merrows,1,0.0%
theput,1,0.0%
mg,1,0.0%
grass,1,0.0%
extract,1,0.0%
forkout,1,0.0%
pegboard,1,0.0%
alongside,1,0.0%
taper,1,0.0%
pyrography,1,0.0%
thrush,1,0.0%
undo,1,0.0%
brawer,1,0.0%
goalkeeper,1,0.0%
grinding,1,0.0%
loaf,1,0.0%
plaid,1,0.0%
eye,1,0.0%
lenses,1,0.0%
pinky,1,0.0%
chopper,1,0.0%
seating,1,0.0%
facedown,1,0.0%
seperate,1,0.0%
ungang,1,0.0%
trice,1,0.0%
points,1,0.0%
alcohol,1,0.0%
ships,1,0.0%
kett,1,0.0%
cattle,1,0.0%
pined,1,0.0%
tary,1,0.0%
insides,1,0.0%
keyholder,1,0.0%
flesh,1,0.0%
aids,1,0.0%
discard,1,0.0%
pig,1,0.0%
saving,1,0.0%
specs,1,0.0%
stripe,1,0.0%
mic,1,0.0%
wires,1,0.0%
cologne,1,0.0%
mask,1,0.0%
bandage,1,0.0%
vials,1,0.0%
pub,1,0.0%
twisted,1,0.0%
soccer,1,0.0%
veils,1,0.0%
plunge,1,0.0%
woden,1,0.0%
manner,1,0.0%
checkers,1,0.0%
planks,1,0.0%
linear,1,0.0%
including,1,0.0%
checkerboard,1,0.0%
extensions,1,0.0%
itn,1,0.0%
callipers,1,0.0%
camp,1,0.0%
robes,1,0.0%
sparkly,1,0.0%
reindeer,1,0.0%
calipers,1,0.0%
vernier,1,0.0%
coiled,1,0.0%
bon,1,0.0%
differently,1,0.0%
pipe,1,0.0%
guest,1,0.0%
plce,1,0.0%
packed,1,0.0%
posts,1,0.0%
carrott,1,0.0%
unpacked,1,0.0%
going,1,0.0%
encase,1,0.0%
changer,1,0.0%
encyclopedia,1,0.0%
rectangles,1,0.0%
taped,1,0.0%
clippers,1,0.0%
rolled,1,0.0%
collapse,1,0.0%
marking,1,0.0%
bronze,1,0.0%
sweatpant,1,0.0%
kittle,1,0.0%
coordinating,1,0.0%
sing,1,0.0%
firs,1,0.0%
lies,1,0.0%
greenie,1,0.0%
pond,1,0.0%
clot,1,0.0%
sloped,1,0.0%
boy,1,0.0%
cowl,1,0.0%
location,1,0.0%
spay,1,0.0%
freeze,1,0.0%
brackets,1,0.0%
singular,1,0.0%
accurately,1,0.0%
unwravel,1,0.0%
mo,1,0.0%
soaks,1,0.0%
mover,1,0.0%
obtect,1,0.0%
unsealed,1,0.0%
wife,1,0.0%
cherry,1,0.0%
beams,1,0.0%
rights,1,0.0%
orb,1,0.0%
ever,1,0.0%
zone,1,0.0%
hoods,1,0.0%
sandals,1,0.0%
coconut,1,0.0%
lineup,1,0.0%
kleenex,1,0.0%
squish,1,0.0%
stone,1,0.0%
cane,1,0.0%
situating,1,0.0%
aubergine,1,0.0%
shoulders,1,0.0%
goblet,1,0.0%
decreasing,1,0.0%
refold,1,0.0%
trunk,1,0.0%
midway,1,0.0%
budget,1,0.0%
rake,1,0.0%
smarties,1,0.0%
creeper,1,0.0%
pearl,1,0.0%
simultaneous,1,0.0%
dishcloth,1,0.0%
snuck,1,0.0%
deak,1,0.0%
granulated,1,0.0%
bunker,1,0.0%
poots,1,0.0%
occupied,1,0.0%
ac,1,0.0%
vehicle,1,0.0%
mcdonald,1,0.0%
spine,1,0.0%
convert,1,0.0%
lane,1,0.0%
faceup,1,0.0%
sneak,1,0.0%
tug,1,0.0%
cell,1,0.0%
high,1,0.0%
hay,1,0.0%
unmake,1,0.0%
later,1,0.0%
backspace,1,0.0%
sacket,1,0.0%
worms,1,0.0%
pellets,1,0.0%
stood,1,0.0%
ands,1,0.0%
wee,1,0.0%
binds,1,0.0%
scop,1,0.0%
scramble,1,0.0%
firm,1,0.0%
ease,1,0.0%
lame,1,0.0%
pea,1,0.0%
zeros,1,0.0%
shave,1,0.0%
particle,1,0.0%
potion,1,0.0%
sleepers,1,0.0%
yet,1,0.0%
zealots,1,0.0%
wheat,1,0.0%
protector,1,0.0%
photo,1,0.0%
rusty,1,0.0%
cubed,1,0.0%
components,1,0.0%
tarts,1,0.0%
counterpart,1,0.0%
silva,1,0.0%
sofar,1,0.0%
cage,1,0.0%
corkscrew,1,0.0%
condiments,1,0.0%
uss,1,0.0%
whatever,1,0.0%
fog,1,0.0%
sentence,1,0.0%
bare,1,0.0%
hurt,1,0.0%
keta,1,0.0%
ins,1,0.0%
mess,1,0.0%
sealable,1,0.0%
bathtub,1,0.0%
centrally,1,0.0%
aqua,1,0.0%
earth,1,0.0%
paris,1,0.0%
burners,1,0.0%
clementines,1,0.0%
clementine,1,0.0%
tangerine,1,0.0%
pree,1,0.0%
alternate,1,0.0%
children,1,0.0%
stones,1,0.0%
roasting,1,0.0%
hdmi,1,0.0%
rome,1,0.0%
cook,1,0.0%
cheese,1,0.0%
hue,1,0.0%
bulls,1,0.0%
op,1,0.0%
nitohe,1,0.0%
placeholder,1,0.0%
ride,1,0.0%
pancake,1,0.0%
reflective,1,0.0%
toes,1,0.0%
leap,1,0.0%
slender,1,0.0%
marke,1,0.0%
blackpot,1,0.0%
cupbo,1,0.0%
entrance,1,0.0%
backboard,1,0.0%
musher,1,0.0%
assembled,1,0.0%
jumbled,1,0.0%
tales,1,0.0%
totes,1,0.0%
hum,1,0.0%
deodorant,1,0.0%
oreos,1,0.0%
originally,1,0.0%
outs,1,0.0%
process,1,0.0%
messy,1,0.0%
ketten,1,0.0%
hey,1,0.0%
tame,1,0.0%
doorknob,1,0.0%
energy,1,0.0%
doe,1,0.0%
fart,1,0.0%
yellows,1,0.0%
yelo,1,0.0%
torn,1,0.0%
pie,1,0.0%
peace,1,0.0%
stachet,1,0.0%
hit,1,0.0%
crips,1,0.0%
flier,1,0.0%
repositioning,1,0.0%
movements,1,0.0%
putt,1,0.0%
southern,1,0.0%
kittens,1,0.0%
lamb,1,0.0%
lampstand,1,0.0%
novels,1,0.0%
cutters,1,0.0%
anything,1,0.0%
bottoms,1,0.0%
bam,1,0.0%
desks,1,0.0%
pos,1,0.0%
crop,1,0.0%
icon,1,0.0%
elsewhere,1,0.0%
pans,1,0.0%
clump,1,0.0%
gab,1,0.0%
mettle,1,0.0%
aloe,1,0.0%
foundation,1,0.0%
flake,1,0.0%
seen,1,0.0%
arts,1,0.0%
pastel,1,0.0%
slanted,1,0.0%
normal,1,0.0%
hardcover,1,0.0%
outermost,1,0.0%
glasss,1,0.0%
hog,1,0.0%
dunk,1,0.0%
jogger,1,0.0%
wool,1,0.0%
formation,1,0.0%
snip,1,0.0%
baked,1,0.0%
steps,1,0.0%
f2,1,0.0%
f4,1,0.0%
queue,1,0.0%
mite,1,0.0%
moves,1,0.0%
g3,1,0.0%
h4,1,0.0%
1e,1,0.0%
laid,1,0.0%
e7,1,0.0%
binoculars,1,0.0%
paperclip,1,0.0%
decors,1,0.0%
pickle,1,0.0%
bangs,1,0.0%
cookier,1,0.0%
rare,1,0.0%
straightened,1,0.0%
hen,1,0.0%
2c,1,0.0%
2e,1,0.0%
oct,1,0.0%
backrests,1,0.0%
leaves,1,0.0%
dried,1,0.0%
framed,1,0.0%
liid,1,0.0%
clover,1,0.0%
hoe,1,0.0%
bloc,1,0.0%
blackish,1,0.0%
seated,1,0.0%
bale,1,0.0%
supposed,1,0.0%
compressible,1,0.0%
aux,1,0.0%
dove,1,0.0%
e4,1,0.0%
e2,1,0.0%
e3,1,0.0%
pootle,1,0.0%
intelligent,1,0.0%
systems,1,0.0%
enclosure,1,0.0%
clicking,1,0.0%
lif,1,0.0%
disinfecting,1,0.0%
petals,1,0.0%
southwards,1,0.0%
grates,1,0.0%
boll,1,0.0%
cycling,1,0.0%
lines,1,0.0%
elevated,1,0.0%
emerald,1,0.0%
barricade,1,0.0%
pir,1,0.0%
continents,1,0.0%
castle,1,0.0%
design,1,0.0%
microwa,1,0.0%
organisation,1,0.0%
tart,1,0.0%
duffle,1,0.0%
puma,1,0.0%
dispensers,1,0.0%
tilting,1,0.0%
serrated,1,0.0%
partitioned,1,0.0%
pll,1,0.0%
pm,1,0.0%
grinds,1,0.0%
cookies,1,0.0%
twelve,1,0.0%
coffer,1,0.0%
playstation,1,0.0%
microw,1,0.0%
buton,1,0.0%
hockey,1,0.0%
throttle,1,0.0%
touches,1,0.0%
dusk,1,0.0%
7d,1,0.0%
sift,1,0.0%
knits,1,0.0%
instructed,1,0.0%
rpot,1,0.0%
silve,1,0.0%
cashew,1,0.0%
rubberbands,1,0.0%
iodized,1,0.0%
morton,1,0.0%
sinktop,1,0.0%
caan,1,0.0%
carboard,1,0.0%
mauve,1,0.0%
headed,1,0.0%
rand,1,0.0%
knight,1,0.0%
thepot,1,0.0%
grade,1,0.0%
layers,1,0.0%
paket,1,0.0%
papercup,1,0.0%
fruity,1,0.0%
humper,1,0.0%
utility,1,0.0%
twos,1,0.0%
slope,1,0.0%
statchet,1,0.0%
dressing,1,0.0%
scraper,1,0.0%
rachet,1,0.0%
cyan,1,0.0%
match,1,0.0%
longitudinally,1,0.0%
canon,1,0.0%
wedged,1,0.0%
youn,1,0.0%
gig,1,0.0%
flap,1,0.0%
re,1,0.0%
dawer,1,0.0%
8c,1,0.0%
razor,1,0.0%
teh,1,0.0%
mits,1,0.0%
pain,1,0.0%
organizing,1,0.0%
tagged,1,0.0%
hammers,1,0.0%
earl,1,0.0%
se,1,0.0%
showing,1,0.0%
wiggle,1,0.0%
analog,1,0.0%
pointer,1,0.0%
lets,1,0.0%
meals,1,0.0%
metals,1,0.0%
creating,1,0.0%
sport,1,0.0%
age,1,0.0%
steep,1,0.0%
pierce,1,0.0%
portrait,1,0.0%
boarding,1,0.0%
expose,1,0.0%
loads,1,0.0%
baar,1,0.0%
pitch,1,0.0%
boxed,1,0.0%
rewove,1,0.0%
beet,1,0.0%
footrest,1,0.0%
boat,1,0.0%
analogue,1,0.0%
trace,1,0.0%
circumference,1,0.0%
outlet,1,0.0%
thumb,1,0.0%
placements,1,0.0%
finger,1,0.0%
sprinkler,1,0.0%
nob,1,0.0%
bowels,1,0.0%
snake,1,0.0%
message,1,0.0%
hi,1,0.0%
us,1,0.0%
whiteboards,1,0.0%
marks,1,0.0%
whit,1,0.0%
bass,1,0.0%
oreo,1,0.0%
cakesters,1,0.0%
layered,1,0.0%
blox,1,0.0%
jenga,1,0.0%
craisins,1,0.0%
immediately,1,0.0%
eacc,1,0.0%
flashing,1,0.0%
fun,1,0.0%
boekel,1,0.0%
widen,1,0.0%
microfiber,1,0.0%
toothbrushes,1,0.0%
pumper,1,0.0%
kids,1,0.0%
waving,1,0.0%
tipped,1,0.0%
multicolour,1,0.0%
labeling,1,0.0%
sling,1,0.0%
brow,1,0.0%
spurtle,1,0.0%
hairbrush,1,0.0%
cornered,1,0.0%
codes,1,0.0%
butcher,1,0.0%
leggos,1,0.0%
independently,1,0.0%
accented,1,0.0%
clause,1,0.0%
fence,1,0.0%
pegs,1,0.0%
bracelets,1,0.0%
borehole,1,0.0%
iv,1,0.0%
popping,1,0.0%
blackout,1,0.0%
forty,1,0.0%
serve,1,0.0%
looking,1,0.0%
expect,1,0.0%
film,1,0.0%
scuff,1,0.0%
sports,1,0.0%
barcode,1,0.0%
log,1,0.0%
count,1,0.0%
botte,1,0.0%
countdown,1,0.0%
disposer,1,0.0%
dining,1,0.0%
swinging,1,0.0%
closes,1,0.0%
brushing,1,0.0%
integrated,1,0.0%
basmati,1,0.0%
filtering,1,0.0%
contain,1,0.0%
devices,1,0.0%
remot,1,0.0%
fuel,1,0.0%
ziplocs,1,0.0%
squeezed,1,0.0%
placemats,1,0.0%
element,1,0.0%
ref,1,0.0%
wavy,1,0.0%
penholders,1,0.0%
wireless,1,0.0%
network,1,0.0%
serial,1,0.0%
swiss,1,0.0%
style,1,0.0%
dye,1,0.0%
dyed,1,0.0%
calendar,1,0.0%
shawl,1,0.0%
fox,1,0.0%
thermostat,1,0.0%
riling,1,0.0%
leash,1,0.0%
arrows,1,0.0%
spikes,1,0.0%
fall,1,0.0%
falls,1,0.0%
spade,1,0.0%
diner,1,0.0%
mortar,1,0.0%
pound,1,0.0%
living,1,0.0%
metos,1,0.0%
him,1,0.0%
drips,1,0.0%
mousepad,1,0.0%
earphones,1,0.0%
started,1,0.0%
steamer,1,0.0%
switchblade,1,0.0%
height,1,0.0%
rule,1,0.0%
eleventh,1,0.0%
wicker,1,0.0%
behinds,1,0.0%
sweeping,1,0.0%
changing,1,0.0%
dub,1,0.0%
forming,1,0.0%
geyr,1,0.0%
gown,1,0.0%
tail,1,0.0%
handcuffs,1,0.0%
spoonfuls,1,0.0%
grilling,1,0.0%
stump,1,0.0%
mounted,1,0.0%
bes,1,0.0%
docking,1,0.0%
bid,1,0.0%
chef,1,0.0%
craft,1,0.0%
amber,1,0.0%
blub,1,0.0%
motor,1,0.0%
checks,1,0.0%
buttoned,1,0.0%
vanity,1,0.0%
stakes,1,0.0%
share,1,0.0%
boxing,1,0.0%
styling,1,0.0%
shakers,1,0.0%
created,1,0.0%
granules,1,0.0%
non,1,0.0%
caped,1,0.0%
tricep,1,0.0%
pulldown,1,0.0%
crown,1,0.0%
saucers,1,0.0%
extractor,1,0.0%
skewer,1,0.0%
crushed,1,0.0%
user,1,0.0%
connecting,1,0.0%
plumb,1,0.0%
course,1,0.0%
combination,1,0.0%
whistling,1,0.0%
mig,1,0.0%
thirteenth,1,0.0%
dink,1,0.0%
lade,1,0.0%
shelved,1,0.0%
fudge,1,0.0%
transformer,1,0.0%
spec,1,0.0%
mentioned,1,0.0%
sheath,1,0.0%
clorox,1,0.0%
backing,1,0.0%
holdefnnfññ,1,0.0%
instruction,1,0.0%
hut,1,0.0%
boar,1,0.0%
geen,1,0.0%
drivers,1,0.0%
velcro,1,0.0%
thes,1,0.0%
spicy,1,0.0%
volume,1,0.0%
nude,1,0.0%
wristbands,1,0.0%
greenish,1,0.0%
gym,1,0.0%
cordless,1,0.0%
f11,1,0.0%
silk,1,0.0%
unstacked,1,0.0%
remained,1,0.0%
keychains,1,0.0%
spilt,1,0.0%
spillage,1,0.0%
stink,1,0.0%
cler,1,0.0%
soak,1,0.0%
cork,1,0.0%
blacket,1,0.0%
workshop,1,0.0%
isolated,1,0.0%
tubed,1,0.0%
swapa,1,0.0%
whipped,1,0.0%
seats,1,0.0%
tee,1,0.0%
picks,1,0.0%
bottled,1,0.0%
stocks,1,0.0%
increase,1,0.0%
brightness,1,0.0%
creams,1,0.0%
hooked,1,0.0%
patterns,1,0.0%
